Feature_1,Feature_2,Target
0.9585091026110965,-1.5043882905762904,0
0.868559073392061,-1.855987146667463,0
1.7800845714765803,1.4845378821225665,1
1.1200838649617604,-1.536818146207267,0
1.2841423349400325,-1.3819982132455968,0
1.7626935467669742,1.0206638570289182,1
1.3598404415133152,-1.4747314281310904,0
1.3306684488058662,1.3499215481821012,1
0.6916325716992477,-1.8974648498715276,0
1.715065857998467,1.8266263231334183,1
0.7439523454048577,-2.0503853904096085,0
2.3505891772264915,1.355652075693238,1
2.5898081325771933,0.14107080892492818,1
0.9148134118458975,2.6337171619549125,1
0.12605013406319254,-2.3698837442399925,0
4.595607805904736,0.4098449112864917,0
0.9124238436683413,1.9909718853007794,1
3.0047044597110597,-0.32709038447905425,0
1.4295651408995782,1.6878113491488744,1
0.6716517405147236,2.4146271573374785,1
0.16495136672696264,2.1199760534585854,1
2.2244005270550757,0.9767180349232267,1
2.6199206609258394,0.38206677927895294,1
2.7256903105884227,0.8708453559288813,1
2.6229833426204685,-0.5677355418372935,0
0.4882314566076449,-2.1360138679605063,0
1.7509084802227677,-1.2385481653496726,0
1.9906556083961657,-1.213430905635904,0
2.9690714123505977,-0.9361874044072108,0
2.6527053090266,0.46933404781794774,1
2.419635760842755,0.5132383674128088,1
1.4497475834386242,1.5595646549641546,1
2.7948463117675733,-0.8087475327557951,0
3.1144909943868946,-0.6927486774690765,0
1.6039444695896352,1.187740662377358,1
2.3725921409148563,1.3425128967755204,1
0.735647272686789,2.0231368280455397,1
3.195364220185789,0.05837424913732847,1
2.859261178052075,-0.5850779466236291,0
0.9881751565633177,1.4910948718144108,1
1.284553995062409,1.355291147895532,1
2.44903736282277,0.575678407661748,1
0.4716200919129041,-2.162353439331508,0
1.4027058606863418,1.5851801605958884,1
-0.34592026956528854,-2.6907581641564096,0
0.5423081202907976,2.092339239649996,1
-0.07238952725989023,-2.414231014207254,0
0.49375785246018045,2.9708174597264603,1
0.5082409566749748,-2.107540246484056,0
1.0166381564596003,-1.8161003778895117,0
3.277259088489589,-0.5750443936917841,0
1.5042217671401326,1.774275538632203,1
2.057468890271904,1.3168612898259693,1
-0.11619026943661614,-2.281350354842095,0
3.4534554997577542,-0.46611850685150746,1
1.988194199162577,0.6676683406258643,0
1.12515476671256,1.4153977750720526,1
0.2616322404272098,-2.1564994643508877,0
2.5395865043616257,0.9020408866572627,1
3.710759533608727,-0.5584041708192045,1
0.6235884289638297,1.79354965784028,1
-0.3470938180872887,-2.8359019698615446,0
-0.25294936284410263,3.109154538039112,1
2.454563472497407,-0.8595787494755618,0
1.678456390721616,1.6504052849173338,1
1.3517139732934287,-1.5018655901927926,0
2.073303442532043,1.2105108356005427,1
-0.06061667703282714,-2.408471697303418,0
0.18171541875022257,2.5741437675089305,1
1.73060080611126,0.747646437612642,1
1.8670257533123937,-1.2192361346300222,0
1.2387876205165613,1.06329834830216,0
4.067379591581957,-0.0310720419857895,0
0.9262323371887528,2.132243088285936,1
0.9228893807369883,-1.9386250629039243,0
2.6650045550284305,-0.8647696246395055,0
0.7837820694723779,1.978637502410212,1
0.3995992577804057,-1.7574483193009214,0
1.4204216536284415,1.1800189747323508,1
3.2321366381362573,0.00476717391857262,1
1.4615886164783967,-1.733970276033551,0
-0.37500777245014083,3.0935670055467517,1
3.6030896985820156,-0.2665151567638264,0
1.171921525880784,-1.6362809640727962,0
3.5495737396744325,-0.7180434139175805,0
1.8800006730177368,0.9768468420222118,1
1.9778081432981613,0.9205299081363795,1
1.7061235865735653,-1.4982120956134235,0
1.8114286176245078,-1.2467466743527842,0
2.775501935457494,-1.0192106180149005,0
1.86783686796395,-1.41435582778423,0
1.7237531083945927,-1.2624731316697761,0
3.674435701003125,-0.3478457063522933,0
0.5256863845708144,2.2006480894317093,1
3.7064596692356306,-0.3726403274666461,1
1.638715586358472,1.4984600029000048,1
2.804900640665805,-0.7090371703386802,0
-0.6001975784833626,-2.584263407988736,1
4.166990774181063,0.028224457178980256,0
1.255945257725254,-1.6723519003492904,0
2.3131538401577796,-0.9922738463871612,0
0.6704532273604299,-1.984558271651032,0
2.389988355099432,-0.8680421647850928,0
1.285978009973902,-1.6461621279322545,0
0.9712927850557441,2.4823583486226797,1
1.652310872112445,1.1132182869208211,1
2.113644423114181,-1.0948683991968735,0
1.6584228593311703,1.2648153458231108,1
0.6783429594066189,-2.0221418330344023,0
2.203804739544275,-1.3874075279872258,0
0.6325819255658224,2.4200414930407885,1
2.9630427506163413,-0.7200819148314348,0
-0.39482915731621016,2.862005851184681,1
0.18885298959993468,-1.9626830971562637,0
-0.28710278816913104,-2.159833920315573,0
4.274083471784108,-0.2012180859688777,0
1.0482933431334718,-1.890957409909452,0
1.202331766110575,-1.6650829760362373,0
1.6328989144795882,1.0071866676238797,1
0.1268727702800425,2.412432507377739,1
2.3578822875069996,-1.101168361656184,0
2.5264241871528132,-0.9478925869972709,1
2.9993081096822998,0.37824465364323157,1
1.2683282605138986,1.9403869523943977,1
0.7566032052977115,2.1997079972582507,1
2.689730972955501,0.389561035350767,1
0.2220847004362878,2.3889741276221677,1
2.517150024795102,-0.8084678369525227,0
2.338533844572007,-1.325089315590629,0
2.0138518860222554,-1.3311058981537816,1
2.497284940172155,0.5755931775988207,1
1.5267776940818156,1.6251056222810443,1
2.525209969480381,0.2546897571388913,1
2.0954931246680557,-1.0668260742472846,0
0.3855184101913567,1.691995683463591,1
2.199228027248244,0.8696792070404026,1
-0.17549357080794126,2.459773872053715,1
1.9594182658003845,-1.2863509203499404,0
1.3868059175391387,1.835945955052362,1
1.3971580470906664,-1.6945731522158316,0
-0.2779929948932047,-2.431188020408346,0
1.9373966004685064,1.2188195333573997,1
0.8933176982918243,-1.790065569274531,0
0.17177739401765146,-2.3987328686289664,0
1.9261853513515885,0.8494147322997734,1
0.7696776767540218,-1.9718083415207617,0
0.3349872802997156,2.184961637519457,1
2.130684981978529,1.3496297460124913,1
2.2491592909146223,0.5940338166680362,1
2.6531752835087667,-0.7568187164113681,0
1.6141253321453304,1.4255406788606988,1
2.832642349686143,0.6939457135378446,1
0.2948143906677656,2.529821951739326,1
2.4047725537868265,0.2456771730681664,1
1.6199386363607389,1.408043529220053,1
1.5457070527754393,-1.4418811598433825,0
2.8649881690465375,-0.7853163412388504,0
2.049570605612987,-1.2736916517513674,0
1.9872583579048542,-1.2021484230546897,0
1.8654447314161406,-1.2663775082761326,0
1.4619872509710325,2.0375987593422202,1
0.49420507786047607,2.1162564454223025,1
1.7321259251052474,-1.6615907574315743,0
2.892047122802177,-0.20878063136813285,1
3.2143942548085125,-0.6341637673250408,0
0.5838364188868308,2.075013087051617,1
1.2199139226153157,1.4804640913452523,1
1.4146555156565257,1.1247592179549843,1
0.06740454725438982,-2.502718054734891,0
1.390909172646262,1.2477034899898574,1
3.1045061532822773,-1.151478548047436,0
4.010052260781782,0.03729119465579256,0
1.372125462112761,1.6152970874119978,1
2.537133608272105,-0.9703466916809891,0
2.928768414022404,-0.7545403394372634,0
0.5712815150593318,-2.0618979193402387,0
0.40684183857337985,2.0715693198632312,1
-0.02781994789051012,2.0875521545779603,1
1.266060752448728,1.5616742363629466,1
2.1414870643580772,0.8799551870438852,1
0.560340321297953,2.303990436257467,1
1.344653171226399,-1.4410899064935758,0
3.254838604278463,-0.12895489715711306,1
2.6952499523822238,0.13073780929840173,1
3.446332984200831,0.05105532840186888,1
1.0789092478431441,-1.6176384902071619,0
3.1479283106927824,-0.46932979434172517,0
1.731903935965771,-1.4251638924042045,0
1.717086856369418,0.646701057082302,1
0.5031388608551197,-1.8817749308861573,1
2.2139388332493555,0.9516387975964059,1
3.9026908928470307,-0.1992308948012813,0
0.609681481932384,-1.8854926869692745,0
1.3587084895006996,2.3465735417563844,1
1.3996471061617697,2.000105799989804,1
0.6139584588479243,2.5290696961735115,1
2.074241549616929,-1.2145254386052857,0
4.638715401007325,0.17530512229692286,0
1.1010341786957325,2.035352502532186,1
2.0372489614153215,-0.927222477106714,0
0.37473484569449456,1.8688878390669803,0
1.705470511548027,0.9001201322272663,1
3.2556436767393295,-0.3695700962052222,0
2.6223315997794225,-0.7205634972499713,0
1.0425486599115357,2.2957776707757374,1
-0.023707001708533904,-2.250999655968988,0
3.2167145129757126,0.03890364672361302,1
2.115755535167537,-0.9987657430859902,0
0.2361335085818681,-2.128119493134771,0
-1.0505365422665172,-2.8752139944982895,0
2.5959539533421703,-0.6611171412000755,0
1.8077324222071698,1.3325052265192991,1
1.854478771944337,-1.448528413950235,0
1.222111486728974,1.3803043679897153,1
0.5946999658073988,-2.3993575368971363,0
0.045055364481503934,2.562500365947697,1
2.298248308188299,0.5150248616833809,1
0.14554053288202407,-2.369192017978669,0
1.6501796030089049,1.6058473707035572,1
1.6038589525427223,1.5029213540222326,1
0.9886378202275277,1.6875597769279294,1
1.289678052163414,-1.9029157387336137,0
1.7102685353828304,-1.3148260328718633,0
1.6951842698660298,2.285164064542822,1
0.2501612761659022,-2.369888413084062,0
0.5793147134735565,1.940466396344688,1
0.44744568358616554,-2.103918421921313,0
2.625089501749118,-0.8599316901828817,0
2.252474878650907,0.6976829041697171,1
1.5612144018005065,-1.55922165350172,0
1.6124775158797877,1.1645004305285933,1
1.2228546479906253,1.6119985696208134,1
2.480046714126093,0.928288310616039,1
-0.1743248534848132,2.8214071845649915,1
1.0014584229802235,1.9198226805332246,1
2.4859875347106515,0.38902205986710015,1
0.6739922939707987,-1.9723730253709664,0
1.2365153820589367,1.815101072740325,1
1.8396819345658437,1.4360793700436598,1
2.337150837567628,1.2996398526513913,1
2.0821966628647512,-0.909592579872247,0
1.7528191373481874,-1.489721997422365,0
2.3203374525324056,0.873494689812693,1
-0.8465631779130831,-2.788347103238803,0
-1.9073607431208437,-3.3483460788961454,0
2.3780772897796685,0.48185158378988513,0
1.326233382459991,-1.5074195591366388,0
-0.13621106002536054,-2.3562380954553124,0
2.569670000533523,-0.9577161117723942,0
2.596769833886447,-0.042330646371816716,1
4.045050078881084,-0.1473962021540669,0
2.143367939038627,0.5812548700106146,1
0.37323931820750866,-2.1902523408293644,0
0.6292993314639221,1.7852989889674908,1
-0.04930130398661814,2.562139310776351,1
1.9388463089666281,1.0994218352037075,1
2.159325863776862,1.3636706393400302,1
2.6045481478437216,0.6835530157951147,1
2.088787987176863,-1.0323139629555231,0
1.2845339091519097,-1.7591541893450184,0
0.8947576421677903,2.614299484421495,1
1.45666682288534,-1.6636705294330043,0
2.5418005325310506,0.33604919021133295,1
1.5600389011155953,1.087986407994769,1
1.1124972133899953,-1.3782419343667973,0
1.2618720655265563,1.3754269084374562,1
2.4529333310872135,0.7007454363329009,1
1.3810172839759947,1.661966309697337,1
0.9433652024281062,2.07099976868977,1
0.9345073512687551,1.7045859001181674,1
1.4527544692188303,0.7354895717997725,0
2.9288172538715065,-0.5246111453958833,0
1.2392730582467824,1.6729212322503246,1
1.543478029661644,1.3040772971132462,1
-0.19723552753309215,-2.2968635497741667,0
2.3520696936818686,-0.9761988614358789,0
2.715882530590609,-0.9247906717097816,0
-1.9727177022170639,-3.350971449868199,0
2.312657131546467,0.898093786916511,1
0.2907313972400505,2.9035699482513984,1
1.935674592257413,-1.2718408070258103,0
1.4874447891082574,-1.6540231088656108,0
3.626615560173865,-0.17619392091702601,0
3.0007908248389787,0.024050068600619312,1
0.47267898587592394,-1.7720296088833842,0
1.919655830884722,-1.2559429273347005,0
1.052720485488746,1.6514938589556816,1
0.08034646719979999,2.7732915119168053,1
0.4292270464809249,1.9843723156399657,1
2.7505196493665633,-0.8868472589620704,0
2.3485152189620404,1.000518454802415,1
-0.35101184074943026,-2.753022133997982,0
1.118931643148804,1.8932273254190397,1
0.6895324224590077,-1.8579184204869241,0
2.7182097912438015,-0.8912271581951136,0
2.2834731223014595,0.8570251707347764,1
1.2606491792396692,1.5417442148031828,1
2.7183924355491613,-0.6029500983449708,0
2.7257691689862393,0.763976984964007,1
1.04901995748347,1.9538142236426517,1
4.141478351554722,0.25692518610920945,0
1.9574261181299994,-1.1624308949414064,0
1.3355641362576898,1.559848199215605,1
-0.11385392824909601,-2.2663527242096237,0
1.528689209742896,1.736965109915969,1
1.4366246166389331,1.67537266730637,1
1.9268267351113402,-1.2004096543410139,0
3.1643483279142024,-0.4747722082570165,0
2.084236975040232,1.376357882912669,1
2.547388555366457,0.46875517158980684,1
3.243038183316278,0.438830030435976,1
0.23324359588123977,2.542994198909982,1
1.6384837469715223,1.9768158563260299,1
0.7614044973604495,-1.8701556864224902,0
1.434032995115393,-1.6253676516957383,0
-0.6197328395478618,3.07357334320176,1
0.4670954308452877,-2.226575847966891,0
0.21676027821832067,2.100473756721964,1
2.17966271573965,1.338169371841787,1
0.7639313662116223,2.0362790103529838,1
1.6140575587158632,1.6723984634113798,1
1.0160355762797952,-1.890460761129454,0
3.1023688109912673,0.395273234924407,1
2.129014736091744,1.0068661053121628,1
3.2490104753826086,0.0399537248851749,1
-0.39601289803699813,2.7839600115979675,1
0.941131847997632,-1.7321196064553905,0
0.6038221481630454,-1.956011753125576,1
0.7905369338634328,-1.9585817154225282,0
2.149891806536689,-1.218853623257633,0
2.0029045412836504,-1.210028385013016,0
2.033174930547,-0.9951068018269236,0
1.4864751264985088,1.4729128753514846,1
1.6992559530937783,1.0298011758785475,1
-0.18772008859441391,3.2875196574570222,0
1.4261049327982243,-1.4391310104009793,0
2.220871186584406,1.2913006000997163,1
-1.2323032109758953,3.8428640695115917,1
3.2853153603165626,-0.6602749160053183,0
3.1328182327509664,-0.308192814221772,1
2.032186082000722,-1.0029882941839046,0
2.697423517562875,-0.7022907129630198,0
2.051149273774721,0.9047471726857428,1
1.4427517102338203,1.8698770661765907,1
1.3226526855214473,1.782455444993455,1
2.440436733087269,0.18028289707817557,1
2.184630593019983,1.2866040128464133,1
1.8185077963513518,1.317783485709701,1
0.6957584787141364,2.3302444377157423,1
0.2744474045063259,-2.2784817205788466,0
1.365132557699815,1.0868379385942637,1
1.7509211313552768,0.9474682096475742,1
-0.1970694823950112,-2.2999254876465365,0
1.595762524769689,2.0288660946763386,1
2.7913440820296644,-0.6078704750866841,0
0.9929126538193023,1.6605942641538305,1
1.0783551335325656,1.8397284974998507,1
2.306990602974561,0.8652641799640617,0
0.5634518565175671,-2.147966494173993,0
2.0304400992026475,0.607967759815969,0
3.2536702136209144,-0.6557520562368475,0
0.547397615185347,2.2876426533152077,1
0.6564089786594657,1.7252214740715681,1
1.1267620069597128,2.070528461930627,1
3.413139491978886,-0.5523196913409326,0
2.6185958053587584,0.44177394249213564,1
2.8760596910832463,0.7427744615563039,1
1.4469988851279236,-1.5938234031728418,0
3.2840339429607104,-0.5238953171067957,0
1.9442988647974393,-1.2194720036131173,0
3.766414682005278,-0.23154770438868155,0
1.9105586330575002,-0.9990346162170156,0
-0.9274059361102882,-2.66039845978491,0
2.3462530241573467,-1.039721671136758,0
2.0329200111685592,0.8728269205809088,1
1.1569723305657236,1.3700665316604677,1
2.581715992226305,0.6265887148516625,1
1.82100787083503,-1.4617177691630105,0
-0.9069526832532708,-2.8209483959163113,1
2.6141893018824085,-0.8370476915038482,0
3.132577045652984,-0.3836919239892509,0
0.9579960573702875,2.021614792397881,1
0.7081324419114036,1.749883052165943,1
0.6323753490274726,-2.0289895987545634,0
0.8648096551024206,-1.8583601269875207,0
0.08537523067531638,-2.2973699144334794,1
2.3030344488662595,-1.0009842519340435,0
3.756445582995328,-0.3156151287314346,1
1.5038539105232365,1.8675913791517427,1
1.6153170399697956,-1.3621636774962669,1
0.773399078146657,-1.5051685885690427,0
1.3513684987399213,-1.6584014099275146,0
1.1583494118338515,1.5430533982162613,1
0.9633152901033872,1.973553449579879,1
0.1114004334995875,2.2614481107149684,0
1.2323947735047,2.0164503985156426,1
2.3594612652730187,0.99759451868751,1
0.9419032712157952,-2.096094266195463,0
-0.9412902217711858,-2.591305485094431,0
2.013910309372686,1.8761341530778883,1
0.20011777748317705,2.1329225127583644,1
2.2907565848195954,0.2993315767120919,1
1.2217319146079249,1.6223982928049143,1
1.1645530289635566,-1.7106486455218335,0
0.8985190302921927,-1.8622984938459959,0
2.2359815935319727,-1.156519457221657,0
1.2166324472383785,-1.648886620496124,0
2.1900505937642043,-0.8749497487655578,0
1.3068380877129215,1.7646837886525444,1
1.157284989874015,2.419510945959539,1
2.1427001668520886,-1.0690379498011335,0
3.0286818659820653,-0.9298302827244153,0
0.7162725166756564,-2.182267087348669,0
0.925217307636112,-1.7036946206432544,0
-0.31838746559602993,-2.8574910509083655,0
0.6410210185221334,-2.0070411284118195,0
1.0934406690903191,1.8208229240006002,1
2.29177482482195,-0.9322112799854043,0
0.25476975714165606,2.812118097018758,1
2.28132603979798,-1.0891832387936171,0
3.2908872520535155,0.09786989465237617,1
2.8975538580839117,0.042017905077244455,1
0.9513959942457612,-1.9976015523806756,0
2.5455673188918637,0.5344931284143926,1
1.8787863377293386,-1.091663078555768,0
1.7258132455943267,1.2246366340427188,1
1.3440119671009698,-1.9083465545248235,0
0.7184396241524847,-2.100839594403818,0
0.5506425667920573,2.3716855546154827,1
1.075256508020892,-1.5825609929119735,0
0.6528561622585709,2.397281259634224,1
3.813863910073009,-0.3086252123809574,1
1.5317243675018333,-1.2376252683909295,0
0.7061479591252737,-2.0494278580940684,0
0.9716708156208298,-1.8405083282883985,0
1.3203737652631378,-1.6506542305314325,0
2.7870413969559253,0.1401630774875291,1
1.2932431476949993,-1.622151606357164,0
1.9186583507432349,-1.5335472599733606,0
1.6423242714050854,-1.3220512208645034,0
2.555955530550678,0.5476040797585513,0
3.805313384192248,-0.31241838042830095,1
1.7611068866847095,1.5543247866040322,1
2.6535417700159813,0.6822837150743752,1
2.9867122529275725,-0.47209494742911273,0
2.0459895710677447,0.8056480976179986,1
1.3773204952576097,1.9517311748392427,1
0.4890808135310849,-1.7841416132381411,0
0.427650104919842,2.428391797968949,1
2.91594480411587,-0.9001417735730032,0
1.5131751375362144,1.7934472417398633,1
0.30795753983401575,-2.1018247998975403,0
1.4651136521705532,-1.3496756824825775,0
1.574603750850367,-1.5466646388957384,0
1.600931135462403,-1.1778324236196047,0
-0.14379751668128393,2.659842916465153,1
1.6752590530161435,1.1927227550648054,1
0.6333287415804002,2.179473803129483,1
3.2425153610803337,-0.7727364804867107,0
0.6455618186896569,2.5326727395604456,1
0.6578021240807169,-2.4176788950772403,0
-1.1991962494020019,3.726727518353012,1
0.24575007564536389,-2.2175883899216204,0
1.0702044760274316,-1.364554373352031,0
2.9595620895999932,0.6207347878628271,1
1.5807581306021654,-1.4019682375636349,0
1.9258062413820216,0.895831669098158,1
3.616290332761566,-0.1724527753095424,0
1.1872880813278268,-1.8535091583842613,0
2.5643138596865276,-0.7863810268496767,0
-0.2330572366089152,-2.50131779887025,0
1.0821695423212199,-1.5741146720613794,0
0.7182371543774343,-2.0269271148855488,0
1.451200676981596,1.839217358557062,1
2.022849260095074,-1.267020525312111,0
2.057093083762003,-1.2507353199240088,0
1.8616441225213884,1.245994501445724,0
-0.015035863241079639,-2.495766999088028,0
1.0066296155290249,1.574810576703046,1
1.1686141507697099,2.2688289810476867,1
1.9989185152571238,1.3537777178827337,1
2.809288314967619,-0.9782550593327165,0
1.0201543882468505,2.012914301595613,1
3.0147010286350295,-0.735052867946101,0
1.1465867117264192,1.7103103092513008,1
-0.6134284392799771,-2.418771621327773,0
1.5678951668567376,1.5588755821555031,1
1.1467274234266194,1.868320878362987,1
2.1678578531639956,-1.2564299137719788,0
0.5384318491740012,2.4678189049446604,1
-0.12656385746436927,2.8824831930514603,1
2.077833542260957,1.2070776277186934,1
3.0450125489292033,-0.49573817146436894,0
0.9854912689549095,-1.650729012849126,0
3.4568592783059593,-0.29262982765841605,1
0.8336021342269216,-2.021779781741786,0
4.2233733662162365,-0.03992098003601163,0
1.3392272684007394,1.4754608430606422,0
1.9040209297881565,-0.8607965565981215,0
2.3110164669198823,1.1876462099689675,1
2.833653220238171,0.4489072073216789,1
2.8157023910209813,-0.7083193183980409,0
0.47777031652974156,-2.3818782032224215,0
0.7238370208587749,-1.9688362355752869,0
2.8925653715149067,-0.7934247644592937,0
0.05570499226574954,1.7985555915758873,1
1.813614045226446,1.4197828815688065,0
3.6387547175068353,-0.18526024079032033,0
-0.4171383697028346,-2.77123043789783,0
1.0346439810327663,-1.9712452652790784,0
2.931997812533686,-0.8888472931319839,0
0.9070763653766571,1.798686543715348,1
1.0389126426715112,-1.825102053105243,0
1.2329677265626646,-1.6237663660518658,1
1.8822944444738205,-1.1189749461937377,0
0.23500496770185975,-2.254090678253324,0
1.3182180365672946,2.1122000597276105,1
0.9603756018524365,1.468431282964063,1
-0.8981914930656956,-2.9042349674093773,0
0.8457297490076282,1.9849307060958192,1
2.0211105812074446,-1.245366069624955,0
0.4313251629715402,-2.222207305518225,0
1.503359937410539,-1.4286017574460992,0
0.8811175885968547,-1.9154713928180962,0
1.536196692070106,1.622508282345224,1
4.539773686751133,-0.0255739123505756,0
0.8543307280245378,1.2801895680532498,1
0.7121698287601043,2.2117830770839086,1
2.4363586882126724,-0.8423122199963999,0
1.156157200300034,2.0917599403574467,1
1.2538447116607991,1.5392524046865041,1
1.5200644120583506,1.7305249882946805,1
-0.17036180887977292,3.308119918169088,1
1.4735462836545767,1.5652250448645606,1
2.1365567579969027,-1.303717525317388,0
-0.4780444348237882,2.778741319209818,1
0.5303480052820695,-1.9643761988330037,0
1.9698179972030574,1.0287991015324536,0
0.8732917204492927,-1.987238075663662,0
0.49466539789814523,-2.2836562723448126,1
-0.23500592055445169,-2.504765639194919,0
2.5791113564855332,-0.6844922127641975,0
2.9654441525207953,0.6435891084592941,1
2.280496397952776,1.0471598100912651,1
1.9697420348838652,1.138561069789021,1
3.092160062874381,-0.7300767201647437,0
1.4904831335140591,1.576471975586149,1
0.5218264963126419,2.792798543917294,1
2.4039761359712624,-0.8922314275891438,0
-0.1616841041972843,-2.44910983372435,0
1.9530845486096964,0.9030840569595039,1
1.2407116588537086,-1.7153844530168563,0
1.262344239304843,-1.4690728757653924,0
1.9346110828863434,1.64480950123103,1
1.6433885825453913,-1.5946809949502658,0
2.9139909901078402,-0.44672914658368645,0
0.9353816003866274,1.915701955219255,1
3.040817308232697,-0.2915122694799315,0
2.9347373261418586,-0.36158535978911077,0
2.3888530787730256,0.9857797094399902,1
0.9689549241123679,2.353070504496311,1
1.3929023715953601,-1.5291537517783305,0
0.7313471591974302,1.8086297817676527,0
0.21802958357500857,-2.3326942639820016,0
1.0113074471435706,-1.8140420168568985,0
1.3410231273446502,-1.3868875161053296,0
2.3350358702017786,0.7411023971301468,1
3.2026387334878175,-0.5553970044990161,0
1.4487827949932106,1.9868050885497919,1
2.2233349777627067,-0.851414311771981,0
2.40783756151713,-0.9799501252832646,0
2.1903554757172943,1.075953968514784,1
2.867700074637832,0.29764066482365115,1
1.761030093818999,0.9375053402883881,1
1.2461663148402062,1.5885486554370059,1
1.6437008454929065,1.6155304995299027,1
1.0666100643538297,-1.68798449315223,0
2.351048127155348,-1.0235780080840295,0
0.5013423729126896,2.096977346687542,1
2.845938236641775,-0.6952668676972511,0
3.2261508201103353,-0.6287921001676001,0
1.3664057663716855,-1.9298185491212128,0
-0.023746349205838957,-2.2809805217264016,1
1.786118367997785,1.3734980529370167,0
1.336219609949156,1.6487433795171178,1
3.473442641073837,-0.07381281383529337,0
1.4442248576702066,1.4633606521045892,1
0.003010515827513105,-2.0723132562867335,0
1.1941395439099463,-1.5687639349500535,0
2.1572897171486103,-1.2783280588508132,0
3.3028041172494316,-0.5529257340945479,0
1.559332239996947,-1.3389916724085582,0
0.7927531530486124,2.331977999677382,1
2.669893816720969,0.5780796087746088,0
2.53395373714272,0.3414009440811048,1
1.8825425494466788,1.2543014533317438,1
0.9376493380115476,2.245213924436274,1
1.3497184063089935,1.6157429930056484,1
1.1312703709425114,-1.6782439355370582,0
1.5531805742266735,1.519026697248208,1
0.6042166157642516,-1.8453845704888683,0
0.6515404741857772,1.9165482363645572,1
0.2440209224327654,-2.1430131756356676,0
2.687683018405735,0.21552888066712028,1
2.6407464725491185,-1.1510470177992906,0
0.15840643615881045,2.561821724095906,1
1.6826733696986558,1.3788890094771338,1
2.2108398553082935,1.3631426702881617,1
-0.8622487705583657,-2.624081022779488,0
2.2725898018674204,-1.098465024096408,0
2.1409734639060023,-1.0679151247702272,0
-0.11929198358856041,-2.3193191947885317,0
-0.8422374680150129,-2.742622991227689,0
1.5770379305017208,-1.3013517813491682,0
2.772175207827172,-0.05358956676023818,1
2.7678116913293414,-0.9888760151203482,0
2.224528070785495,-1.3313654127671481,0
1.7968746650510785,-1.2912998244203004,0
-0.4490609442671003,-2.2415719090296933,1
1.2204986716735162,-1.74099287190245,0
-0.5777652390471872,-2.3332825137071214,0
0.8057020190322269,-2.214151389537444,0
1.2531777941731526,1.287514266053458,1
1.6296132392130402,-1.5537244094615992,0
2.1343307728046814,-1.3432897775614687,0
1.3833865853198013,1.652627138233051,1
0.8806328407897295,2.1005257586680806,1
-0.6884945362148636,3.6514105672260087,1
0.5425929446811584,-1.9295364618861037,0
2.2095915105068293,-1.2370387657954423,0
1.460831105781554,2.2507718972144954,1
2.7095986325110304,-0.9770519559151079,0
1.504611130394563,-1.4902185341514396,0
1.5865059725189479,2.371016485544645,1
1.5392148920184754,1.2944792267298095,1
2.6795910720904996,0.6138542073146982,1
-0.7935758985247485,-2.8003326934435107,0
1.8647559262427504,1.563149705004844,1
0.9431085668801478,-2.0877041309624067,0
1.8549787923253733,1.1761194390685232,1
2.71924139325462,-0.7980457398968309,1
1.7613824232618134,-1.3590257078092998,0
1.0470813613283014,1.207805402506556,0
2.0710886281206773,1.0493868446429375,1
1.6189357841343255,1.7594633614594648,1
2.5169666022476314,0.7376515196766807,1
2.5743281907388913,-0.9182462482018133,0
0.3975031928415389,-1.908573833439576,0
0.21319906400106792,2.349179008788652,0
1.7699309710339255,1.5694474209983555,1
1.8771866674338031,1.1535700748184214,1
0.07033038841907158,-2.2997860409509188,0
2.831309285414367,-0.5852476157804327,0
1.7234486568067855,-1.6598151305746298,0
1.542720032019737,0.60127617808017,1
1.0383753090473637,1.7931669810687714,1
1.149402833420888,1.5583320000356702,1
0.6632942811839453,2.608415957842687,1
3.546565196929669,-0.3648946738977541,1
0.1070595878709435,-1.740742297293575,0
1.8451853622206023,1.0891931115404558,1
-0.3420747819346539,-2.673031296849823,0
0.4702602980949546,2.3676128769769975,1
2.496343620355229,-0.9428466865369312,1
1.1057350586852854,1.408977826497669,1
1.0816725800226001,-1.8456868264005946,0
0.8347093857135527,-1.9403703499770943,0
2.035297281185362,1.431911108083747,1
1.5293068663757854,1.4754830147029425,1
1.0744904769007408,1.9046539979752826,1
2.143369058868605,1.0182879170975205,1
2.569355998815184,-1.0000372789828114,0
0.3967701622777253,-1.897694664395366,0
1.829375438895437,1.482865949940472,1
2.0057644651471884,-1.49671833146067,0
0.6429567379354665,-1.8149478905622345,0
-1.3259229783007758,-3.154948735495452,0
1.251662190853457,-1.714578879428316,0
3.06050653595768,-0.5742867885374001,0
1.269589000563815,-1.475311694969462,0
2.68165049385669,-1.18193357603102,0
0.4457470219059767,-2.060739248950412,0
4.50945541871083,-0.8297480843993186,1
1.5988070273747133,1.4558874998947409,1
2.4041148885470447,0.42718428347340165,1
1.4920572539713066,-1.619227230550703,0
2.576835952910163,-0.762425090252459,0
-0.24604359194043024,3.475581974403263,1
1.3098287845431096,1.5697065027128467,1
2.342072249098936,0.6295115761310722,1
0.4608107955576737,2.3361072353603674,1
0.3459268375516793,2.6590341224197096,1
-0.49024312251700275,-2.8216755551747283,0
2.1867816023912945,0.6884740853585147,1
1.8239694786978722,-1.2991780274114646,0
0.4154274380829224,2.4832075293364038,1
2.1030779314320376,-1.2055369478587958,0
1.3158627624316843,-1.4353606810607835,0
1.5282019858548284,1.4600395505053374,1
1.889219246388069,-1.4123210594277706,0
1.706564777533665,-1.4695706564980726,0
0.8611547110581439,2.3250481003303474,1
1.3636568530325575,1.5352367868841292,1
-0.1701331993626254,-2.3684154388570886,0
2.4684481874714974,0.9290345859619306,1
1.3130751781717764,1.6340227832909333,1
2.078079060063831,0.8635341836167194,1
0.1623024583125392,-2.1458471666466488,0
1.4528074556662713,1.2738875843265183,1
0.7240001177395129,-1.898048848632304,0
3.6586686652676663,0.00030475773534344164,0
2.195172953711866,0.7318485635193883,1
1.2404346746120851,-1.2396352559125166,0
0.764515002021207,1.6035581715938378,1
1.3910715674280625,1.4195159966883728,1
2.967375485299275,0.21096128514746915,1
2.720578659025039,0.9367776122802887,1
1.0794083178873504,2.372694682898784,1
2.2031295724240825,-1.2649681680584148,0
2.06021163689221,0.7629612552198323,1
1.097445885439155,1.268834407179642,1
1.7035521537055005,1.6360195361270635,1
0.8680956737253994,1.717911467119198,1
0.8077109821642361,-1.9302034273342317,0
0.814991844451543,-2.1480879381207343,0
2.925567383703501,0.5051418548289869,1
-0.8173346803147616,3.39669373842663,1
0.7027485381441821,2.296970530256879,1
2.099495645459591,0.2715114706284405,1
0.7976254465907241,2.040181790634792,1
3.3443150552978893,0.711293539902809,0
2.765152681796846,-0.8787761154617816,0
-1.701780625395645,3.4684647339980827,1
0.9875769249063068,-2.0333307318469966,0
1.6128262560561075,1.6894520883848252,1
2.8421850723244075,-0.6860013531625244,0
1.4670416262942252,1.2546124508417345,1
2.493419624617304,-0.7629597001570243,0
0.9030679876013797,-1.8353815180342203,0
2.8587840981649144,-0.4680166329589497,0
-0.43704958814064754,2.9341222433736664,1
1.0318136037973513,2.1458110085514903,1
0.08747862128274009,-2.278809806471387,0
1.6792676101908721,0.7643778644169219,1
1.7170823048684372,-1.1016824762329607,0
0.8052596202874032,-1.921453113865279,0
2.7462081641236953,0.3680519993621032,1
1.476354463023564,1.3756933848100064,1
1.5770602391959063,-1.3802512364514727,0
0.8377786982417642,1.4794479182366123,1
1.2816946360018784,-1.5352130708681804,0
1.6449382673735489,1.3627878451586084,1
-0.029306261180044535,2.190325811774145,1
1.3935277626497808,1.4199223895159956,1
0.6686339146894837,-2.054349232223789,0
1.8482955777648038,-1.1566537880440624,0
2.1806858666431967,-0.9716129534217863,0
1.3369301311546606,-1.5599935208841123,0
0.4741244616814888,2.119257797309283,1
2.025373577770973,-1.0737259296310815,1
0.5792638030223858,-2.1928551857499543,0
-0.29804066362043824,2.892912268284819,1
0.8552335866171615,2.04138089649964,1
2.787539055290609,-0.4598851066639975,0
0.7868795546182273,-2.155310120872525,0
1.1955299416897764,-1.9443330230017704,1
2.9230152757535808,0.23215774410169754,1
0.2898038663017688,2.8126618186397234,1
2.0932587848877997,0.7781543551158918,1
2.058923637363038,0.4570406193919796,1
0.955930346879639,1.543049750115174,1
1.8610186876545955,1.6790226789488527,1
1.3078211541760085,-1.3621285334594961,0
2.378556355194622,-0.7715066123735576,0
0.48500303647489273,-2.1838334138493316,0
0.22314514330709168,-2.0138832646551807,0
2.183052297095669,-1.5052102336423139,0
2.6394226761082256,-0.9251026811493983,0
1.443537459098005,-1.646990138101575,0
1.621313648830862,-1.421351355102597,0
2.56361641641668,-0.82577871373183,0
0.15756499222193643,-2.0823364073388464,0
-0.27071477013936796,-2.6473348414520004,0
0.20007008465430087,-2.1147641552881242,0
1.2800471274991558,-1.9400193469309535,0
1.9777379588585244,1.0258574427274154,1
2.2058791057280462,1.0268793609766624,1
2.4890762793383567,-0.6029391758297532,0
2.523847522513747,0.6455629761117074,1
2.9231892083394344,0.7423240827277483,1
2.604763892104557,0.6255315010547421,1
2.194607382714297,0.6508051458660692,1
2.2981235341135813,0.5925948574259343,1
1.0080129503625341,-2.054125758219425,1
1.8952371869410038,1.2122540675878077,1
1.7156947869454473,1.0833825935567996,1
-0.0015595100031129405,2.9436591263562066,1
1.9980468020547817,0.5275749932246602,1
1.0851230729314905,1.6672854687189256,1
2.6773738469893447,-0.9183589695894073,0
0.465630787007705,-2.213008306608929,0
1.7865045791331509,-1.7322165834853582,0
0.25324149022228215,2.699165137107194,1
-0.8948188779120891,-2.718022795381804,0
-0.254406799818248,-2.457438467097723,0
1.0055143474247297,-1.5179976595961684,0
-0.1202813168358483,2.3113886889926714,1
1.4684204319145273,-1.0409698353978327,0
1.5350108774349145,1.1673966778617442,1
3.2779135759912705,-0.2160201024554771,1
2.429440995802378,0.8093277846906841,0
1.2492330038636061,-1.623423788725641,0
1.570041989881784,-1.60357079757794,0
1.2299128802725832,-1.3474041424519279,0
2.558777081843668,-0.5792404653611462,0
1.6959839038092115,-1.416615183919606,0
0.3319425209475122,2.4197247466827143,1
0.7975308235899811,-1.6283080684172728,0
0.6563388435811383,-2.1058346839887725,0
2.072603291527787,-0.9725712179763211,0
2.0069052117585975,-1.0960245763146421,0
0.6776709240510427,1.816643578961129,0
2.470871252154811,0.5805812377396072,1
0.20056520356236485,-2.1598983922449446,0
2.1825295820861945,0.11881409550467437,1
1.6885343438091462,1.0711289075469979,1
2.1834876715809672,-1.1330693709409423,0
2.1618835485445946,0.7078956900573604,1
-1.0027788820483297,-2.8432181827107477,0
0.6762076840389488,1.4115419777469942,1
-1.6934021428291652,3.7413526769249095,1
0.9767965174978759,-1.466617511744673,0
1.6230543990575175,1.2221709302001227,1
1.0964542302387477,-1.8850120443786826,0
2.7781207798206196,-0.7744030153206269,0
3.569437122457376,0.5155598424732796,1
1.876053067825272,-1.4368753691273901,0
0.7318731755527631,-2.00607090697686,0
0.6018259366491425,-2.0351050902907915,0
-0.4013528790152574,-2.752640130066954,0
1.472602479776222,1.5817195790737197,1
1.0629128523600715,2.011026952612009,1
4.548934452872356,0.7193657318701963,0
1.763591602036151,-1.5496082937895288,0
0.8609846109949982,-1.853953410795225,0
2.262039853980715,-1.1457268075847866,0
1.4313447673644042,-1.3576285655286473,0
1.3570873228141074,1.7681297688090243,1
1.2712749636728289,1.3830385650725079,1
2.0094725307967076,-1.2949961614338408,0
1.2026230971217622,-1.8284545207176586,0
1.700430234775976,-1.218717691352512,0
1.337233593950707,2.3049080678206346,1
0.36128221311142306,2.428075853015507,1
2.457056336085098,-0.9743185829156089,0
2.225267091997707,-1.177756138442816,0
1.115919588524317,-1.4136980052051702,0
1.4912227297058542,0.7753417480709505,1
3.089221801797229,-0.6909362991404674,0
0.16611258571312115,-2.376929782551633,0
3.074801696599617,0.4271357178700832,1
-0.6329141569221277,-2.7277914401356123,0
1.5207221755453004,-1.6345175353076322,0
1.3505939437068462,1.0104883641041027,1
2.3717655463242346,0.6067637541828819,1
2.2111806049489595,0.6900474466780947,1
3.6652393506208725,-0.3062288040008667,1
1.5937577821718136,-1.6697135575747704,0
0.8601954605938118,1.5392408804863809,1
0.07816338223727604,3.0160619821185,1
0.6882247372071579,1.9949318649840007,1
1.8492644390102815,1.4812153698264983,1
1.5416650845028703,1.9150091171733143,1
1.1006931453484823,-1.758639718769403,0
2.0189572014136603,0.9477570501144497,1
1.6797498565687592,-1.5648631130568043,0
1.3895407621512164,-1.6022578326905346,0
2.424843535296289,-0.9367934537402981,0
0.3560848555878482,-2.3481534038859015,0
1.8250830449017543,-1.4769134516134794,0
1.6166249657566503,-1.615610436462733,0
1.7704488373887468,1.3576142459547835,1
1.9978356741315906,-1.0966072099854078,0
-0.0027720418438159644,-2.1508940330341915,0
-0.6014326572557289,3.226798379230037,1
2.004539022967905,-1.1261390082514864,0
1.354153133677775,1.4659946538649744,1
0.7823772506489686,1.7185236572942888,1
-0.4845126346789652,-2.717362104514179,0
1.6329658178708641,0.985979303286845,1
2.325286224603215,-1.137990828866396,0
0.9964526063616544,1.9065013286361312,1
0.8675409427572142,2.2393789240209507,1
2.371722820744896,-1.023408080467379,0
2.359780314376034,-0.7569315594078162,0
1.122465468835925,-1.519832030943554,0
1.8311527499930687,1.4386054786584659,1
1.6144300535168357,1.285807110213579,1
3.2189829864826134,0.8595231855628831,1
1.8969982158819432,1.0189116286549103,1
1.736695236795477,-1.3451262599497789,0
2.055500767230034,0.8787500885531725,1
3.6106057891329075,-0.19310998615964703,0
0.905341317854482,-1.75773312019218,0
1.623374310783991,1.244172698430321,0
1.457586412369437,-1.3962751423346063,0
1.2230596714439057,-1.816600680463156,0
1.4095739946686163,1.6767540532688836,1
2.4683241537102663,-0.7121408559382724,0
1.5379856802428709,-1.4726233330759722,0
2.14485451871199,-1.0914262653766327,0
2.854454674958589,0.08825674099989111,1
0.7081397554848313,-1.9425438777682404,1
1.895785849622902,1.0685288508085817,1
0.8912888886976115,1.7523751601888202,1
2.336508825455738,1.2297735691923417,1
1.2408066137103888,1.582269437159305,1
0.4873367352703988,2.1549106012678028,1
0.8555102972961454,-1.8865833030776127,0
0.5930814765068738,2.2116558866777134,1
3.9329732221897196,-0.08398457714889762,0
0.8024508052056181,-2.1778228605947083,0
1.3301224249698667,-1.4824506341196395,0
2.861786428288519,0.08943939318955851,0
0.675188397584697,-1.648485910587649,0
0.7751283383561595,2.088679166950333,1
2.731868388176398,-0.9203800959518214,0
1.0980030297062224,1.492542209759983,1
1.0494718936367324,-1.7339184066139168,0
-0.05811295429690366,2.4963995516900406,1
0.6190626954535152,1.6175624748383965,1
2.12491668486227,1.1287092487622605,1
2.6247153625774065,0.23392812389873607,1
1.472531591759801,-1.573540143872465,0
1.3533363252083777,2.07548163551466,1
2.709427891678951,-1.2439385613575566,1
2.291058145460222,0.5182507773382697,1
2.067346467754813,-1.4652846969408002,0
1.5862199879982517,-1.2480673787913792,0
2.0275737058352727,-1.370441259099916,0
0.8581900866066795,-2.071055474873945,0
0.5797090831959979,2.4360789679038963,1
-1.0610032965132676,3.613532716088563,1
0.7429597367962718,2.068204903875447,1
-0.47790020718797366,-2.7016885287603407,0
1.7533464094747524,-1.3362050882468177,0
4.186266643640332,-0.045345674131111124,0
1.0323039524100472,2.2136610818272295,1
0.35595174186361844,2.527698447985742,0
0.8980800236285956,2.600621574442887,1
0.8161753109978048,-1.8787906082312058,0
1.950922829444633,-1.3027730109208993,0
1.6506876551145766,1.6403878878135283,1
1.4675619326777498,-1.51908404841085,0
0.4805995615194758,-2.2099600270996183,0
2.1373755229283606,1.5249752480826768,1
0.8692337146668969,-1.7996543865132324,0
1.5558948996884394,1.6629847020478286,1
1.9954989817216728,1.2836848085119898,1
1.9819307679891334,-1.1223400867630777,1
3.3536910690908908,0.3092435038970498,1
2.2682068627935945,0.8887751496466519,1
1.8986110155778169,-1.553927247218195,0
1.2346032915744054,1.6557097958717562,1
1.2391910058896227,-1.3530983005115202,1
0.8192634458373459,-1.6962464129121548,0
1.9946700509496846,1.0330164406301308,1
-0.46470637047611807,3.222265624651129,1
1.072168052944508,1.9714129693765676,1
1.7987240447945456,1.3217699167505068,1
1.4906144401848342,1.3878157815731407,1
0.7719285770810911,2.0529575178384922,1
1.8440932289918308,-1.4327314972765395,0
0.5502361437396631,-1.8163364821964179,0
3.1127536605360633,-0.3977747057597598,0
0.15528288798379952,-2.5299384216778,0
0.824426329784326,2.028829244466299,1
0.7247608889679654,1.8675338945768858,1
1.0987446042855002,1.3126948668100307,1
1.8533263310964412,1.2169082569253704,1
-1.1250782991671038,-3.113877698433811,0
2.1331969963998327,0.4422246623124031,1
2.2485040184185174,-1.3391209019756236,0
2.8188691917710997,-0.6761661247729157,1
2.064724488160934,-1.0856628377995774,0
2.710008319006383,0.6138419108574916,1
3.0995722529896486,0.10370706250731088,1
1.244601561058611,-1.6127453454444531,0
0.6155465205990927,-1.893374520438263,0
1.8107606171038073,1.4493420861776465,1
1.9265154519092906,1.1971337549596908,1
0.6171538976036196,-2.1122799781857866,0
2.237016217535799,-1.1512109171687401,0
2.855981568023158,0.4435446195159969,1
2.1810375012351075,1.0366302453819412,1
-0.38971212532272514,-2.6560068887151216,0
2.60797749033721,0.1614547618991924,1
1.9110039099622202,0.9765724921839992,1
1.3429224579854606,1.7127102922174469,1
3.8375478866072896,-0.24849691063306212,0
